{"cameraMode":{"drawMode":0,"name":"Shaded","section":"Shading Mode"},"sceneLighting":true,"audioPlay":false,"sceneViewState":{"m_AlwaysRefresh":false,"showFog":true,"showSkybox":false,"showFlares":true,"showImageEffects":true,"showParticleSystems":true,"showVisualEffectGraphs":true,"m_FxEnabled":true},"in2DMode":false,"pivot":{"x":975.6344604492188,"y":487.1799621582031,"z":6.930419921875},"rotation":{"x":0.004190307110548019,"y":0.0020967365708202125,"z":0.000008666643225296866,"w":-0.999987006187439},"size":639.82861328125,"orthographic":false}